ISO,Country,2010,2011,2012,2013,2014,2015,2016,2017,2018,2019,2020,2021,2022,2023,2024
ARG,Argentina,52.2,52.4,50.8,49.97,53.60,49.61,48.34,53.15,41.21,49.01,43.77,40.48,47.08,41.19,45.39
AUT,Austria,48.2,52.9,54.3,58.09,57.19,55.39,50.69,52,49.49,48.78,44.74,48.09,52.35,51.56,58.17
AUS,Australia,41.9,42.9,49.8,55.39,41.53,35.57,36.56,40.66,25.03,31.27,30.75,28.82,30.06,36.26,45.72
BEL,Belgium,57.2,61.5,63.8,65.20,64.65,61.89,68.73,62.08,49.6,50.63,45.73,45.11,45.9,48.38,55
BGR,Bulgaria,47.5,49.6,51.1,54.27,54.87,54.05,53.85,53.06,45.35,48.11,40.12,42.64,48.71,49.15,46.94
BRA,Brazil,68.0,70.5,66.9,58.20,55.53,48.51,51.9,52.46,57.86,59.29,55.82,53.26,54.86,48.39,61.74
BLR,Belarus,51.4,57.6,56.3,57.98,56.48,54.54,51.18,46.86,56.38,53.31,44.18,47.27,46.66,43.69,46.8
CAN,Canada,40.7,43.9,46.3,45.16,40.39,38.81,38.74,43.06,33.98,34.26,31.01,24.82,26.03,26.47,31.55
CHE,Switzerland,59.4,63.6,65.1,67.61,66.17,65.05,62.09,61.66,61.2,65.42,60.61,60.85,61.7,58.61,61.94
CHN,China,46.6,44.9,44.6,49.03,52.41,51.77,48.6,47.49,45.84,49.6,48.16,48.18,52.2,38.8,45.56
CYP,Cyprus,46.6,53.0,54.0,60.94,57.61,66.99,65.12,64.28,52.29,44.34,41.66,38.73,50.52,49.39,53.09
CZE,Czech Republic,54.6,57.5,50.4,59.13,53.93,57.99,57.03,58.52,45.13,49.73,42.93,38.98,42.15,44.16,45.41
DEU,Germany,65.3,67.0,67.2,67.54,61.90,59.6,58.39,56.58,56.58,55.18,55.78,56.39,63.53,61.11,65.77
DNK,Denmark,57.0,54.6,63.9,72.61,75.23,77.76,71.19,61.87,59.49,61.96,71.14,69.42,76.67,79.61,75.59
DZA,Algeria,55.1,57.5,54.4,52.34,49.92,54.46,53.3,48.46,43.61,42.1,41.45,43.27,39.91,42.26,44.54
EST,Estonia,51.3,52.7,53.0,52.45,45.52,51.58,47.24,46.04,52.02,44.37,48.05,46.01,54.98,65.14,72.07
ESP,Spain,51.8,54.4,54.2,59.18,60.37,57.34,52.63,56.14,48.19,48.97,46.03,45.02,54.35,58.59,63.37
FIN,Finland,49.5,55.1,53.9,56.58,56.57,56.76,58.27,56.28,66.55,62.61,63.25,62.63,62.41,61.24,61.11
FRA,France,63.5,64.6,66.3,64.74,65.90,64.11,65.97,66.17,59.8,59.3,57.9,53.72,61.01,52.97,57.12
GBR,United Kingdom,65.3,65.9,67.4,67.33,69.66,70.79,70.13,66.1,66.79,65.92,69.8,69.66,73.09,63.07,62.36
GRC,Greece,46.0,52.4,50.3,52.04,51.50,55.89,55.06,58.29,47.86,50.86,52.59,48.11,58.22,57.52,60.34
HRV,Croatia,47.4,50.2,47.2,56.37,52.79,56.35,58.43,60.66,61.19,62.39,56.97,56.69,55.96,52.04,57.32
HUN,Hungary,55.6,61.8,60.7,66.41,65.17,62.82,60.76,55.05,44,46.79,41.17,38.22,40.41,38.51,45.93
IDN,Indonesia,54.9,59.7,57.2,57.07,56.24,59.57,58.21,58.86,48.94,48.68,44.65,53.59,57.17,54.59,57.2
IRL,Ireland,54.9,59.8,60.9,67.48,65.01,65.15,62.65,59.02,38.74,40.84,44.04,45.47,47.86,48.47,51.42
IND,India,63.1,64.1,58.6,60.77,57.16,56.97,58.19,59.08,60.02,62.93,66.02,63.98,69.2,67.35,70.25
IRN,Iran,49.2,47.2,36.0,35.81,37.81,40.99,43.33,43.05,23.05,23.94,28.41,24.58,25.66,18.77,23.53
ITA,Italy,48.0,52.7,55.4,61.26,62.90,61.75,62.98,60.72,59.65,58.69,53.92,53.05,55.39,52.9,50.6
JPN,Japan,50.9,53.1,51.1,52.10,47.21,45.07,37.23,35.93,35.76,40.63,39.03,42.49,48.53,40.85,42.08
KOR,"Korea, Rep.",48.7,54.5,52.3,49.93,46.66,44.15,37.64,38.11,25.01,28.53,26.75,29.76,26.74,24.91,29.98
KAZ,Kazakhstan,41.4,42.5,38.1,39.96,37.64,37.72,32.97,36.87,28.17,36.47,33.39,28.04,19.23,24.61,38.52
LTU,Lithuania,55.9,59.5,61.4,60.23,60.94,60.07,58.65,59.75,69.2,70.47,66.22,58.03,64.89,59.21,62.99
LUX,Luxembourg,42.8,48.3,55.2,59.56,60.27,57.25,62.47,62.86,55.54,59.92,60.91,55.23,60.8,60.76,65.09
LVA,Latvia,57.5,61.9,59.1,58.63,58.73,56.65,61.38,61.2,63.02,68.31,60.75,61.88,57.73,56.81,57.68
MAR,Morocco,53.3,59.4,57.9,62.01,63.99,65.73,63.76,63.28,68.22,70.48,70.63,67.59,71.6,67.44,69.82
MLT,Malta,55.2,63.8,60.6,67.07,66.05,60.84,61.82,62.51,61.87,65.06,60.76,62.21,64.18,60.42,59.8
MEX,Mexico,61.2,64.0,64.6,64.91,61.50,61.3,57.04,57.02,54.77,56.82,47.01,48.76,56.05,51.77,55.81
MYS,Malaysia,46.9,47.1,49.2,47.53,47.06,46.84,53.49,50.96,32.61,38.08,34.21,27.76,33.74,33.51,38.57
NLD,Netherlands,54.3,56.4,51.4,50.28,56.99,53.27,54.84,57.1,49.49,54.11,50.89,50.96,60.44,62.24,69.98
NOR,Norway,61.8,67.0,61.9,58.38,59.32,57.88,54.65,52.9,67.99,62.8,61.14,65.45,73.29,64.47,67.48
NZL,New Zealand,44.8,53.7,54.5,54.48,53.49,52.56,52.41,50.48,49.57,44.61,45.67,51.3,54.03,50.55,57.66
POL,Poland,47.4,46.3,45.1,52.47,52.69,54.36,56.09,53.68,46.53,47.59,39.98,38.94,40.63,37.94,44.4
PRT,Portugal,59.7,63.4,62.9,67.81,68.38,67.26,59.52,62.47,59.16,60.54,54.1,56.8,61.11,61.55,67.39
ROU,Romania,52.9,57.0,55.9,62.67,63.73,59.02,60.39,60.33,55.32,59.42,54.85,50.33,52.43,47.09,61.5
RUS,Russia,48.0,49.8,45.1,46.65,43.64,43.39,44.34,44.3,29.85,37.59,37.85,30.34,34.73,25.28,31
SAU,Saudi Arabia,28.7,25.8,24.5,26.90,25.17,24.19,21.08,25.45,11.2,8.82,22.03,22.46,24.25,22.41,19.33
SWE,Sweden,67.4,69.9,68.1,69.37,68.10,71.44,69.91,66.15,74.32,76.28,75.77,74.42,74.22,73.28,69.39
SVN,Slovenia,48.1,51.4,55.6,60.98,59.19,60.99,56.87,56.55,50.54,44.9,41.91,37.02,43.28,48.16,53.57
SVK,Slovakia,54.7,60.5,64.0,64.64,63.17,62.5,57.83,57.69,56.04,56.61,52.69,49.51,50.67,50.12,54.47
THA,Thailand,54.6,59.8,58.4,58.32,54.51,50.61,48.16,51.91,49.07,48.71,46.76,53.18,55.01,47.23,61.38
TUR,Turkey,49.1,49.0,41.7,46.60,46.47,46.95,47.25,45.54,41.02,40.22,40.76,43.47,50.53,43.32,43.82
TWN,Taiwan / China,47.5,50.2,49.0,49.40,46.81,45.03,45.45,44.76,29.43,28.8,23.33,27.11,30.7,28.35,36.94
USA,United States,46.3,46.5,48.5,53.51,52.93,52.33,54.91,51.04,25.86,18.82,18.6,19.75,37.39,38.53,42.79
ZAF,South Africa,52.9,56.6,53.6,56.70,54.04,54.63,53.76,56.17,40.61,48.25,45.67,46.13,51.13,45.69,49.53
EGY,Egypt,59.1,59.1,59.1,59.04,59.00,59.19,56.96,58.75,54.02,57.49,57.53,54.33,59.74,59.37,61.8